rec11-M2M3-20221108-caliParas.mat	733	https://ndownloader.figshare.com/files/58664353
rec11-M2M3-20221108-camera-0.mp4	150286272	https://ndownloader.figshare.com/files/58664443
rec11-M2M3-20221108-camera-1.mp4	150239780	https://ndownloader.figshare.com/files/58664449
rec11-M2M3-20221108-camera-2.mp4	150293299	https://ndownloader.figshare.com/files/58664446
rec11-M2M3-20221108-camera-3.mp4	150239593	https://ndownloader.figshare.com/files/58664452
rec11-M8M10-20221109-caliParas.mat	733	https://ndownloader.figshare.com/files/58664356
rec11-M8M10-20221109-camera-0.mp4	150304274	https://ndownloader.figshare.com/files/58664458
rec11-M8M10-20221109-camera-1.mp4	150241559	https://ndownloader.figshare.com/files/58664461
rec11-M8M10-20221109-camera-2.mp4	150297744	https://ndownloader.figshare.com/files/58664455
rec11-M8M10-20221109-camera-3.mp4	150278136	https://ndownloader.figshare.com/files/58664464
rec12-M2M5-20221109-caliParas.mat	733	https://ndownloader.figshare.com/files/58664359
rec12-M2M5-20221109-camera-0.mp4	150282851	https://ndownloader.figshare.com/files/58664467
rec12-M2M5-20221109-camera-1.mp4	150317597	https://ndownloader.figshare.com/files/58664470
rec12-M2M5-20221109-camera-2.mp4	150248497	https://ndownloader.figshare.com/files/58664473
rec12-M2M5-20221109-camera-3.mp4	150250360	https://ndownloader.figshare.com/files/58664476
rec12-M7M10-20221108-caliParas.mat	733	https://ndownloader.figshare.com/files/58664362
rec12-M7M10-20221108-camera-0.mp4	150256733	https://ndownloader.figshare.com/files/58664479
rec12-M7M10-20221108-camera-1.mp4	150244335	https://ndownloader.figshare.com/files/58664482
rec12-M7M10-20221108-camera-2.mp4	150306864	https://ndownloader.figshare.com/files/58664485
rec12-M7M10-20221108-camera-3.mp4	150244313	https://ndownloader.figshare.com/files/58664488
rec13-M6M7-20221108-caliParas.mat	733	https://ndownloader.figshare.com/files/58664365
rec13-M6M7-20221108-camera-0.mp4	150284811	https://ndownloader.figshare.com/files/58664491
rec13-M6M7-20221108-camera-1.mp4	150279365	https://ndownloader.figshare.com/files/58664494
rec13-M6M7-20221108-camera-2.mp4	150255611	https://ndownloader.figshare.com/files/58664497
rec13-M6M7-20221108-camera-3.mp4	150275820	https://ndownloader.figshare.com/files/58664500
rec13-M7M8-20221109-caliParas.mat	733	https://ndownloader.figshare.com/files/58664371
rec13-M7M8-20221109-camera-0.mp4	150266614	https://ndownloader.figshare.com/files/58664503
rec13-M7M8-20221109-camera-1.mp4	150304100	https://ndownloader.figshare.com/files/58664506
rec13-M7M8-20221109-camera-2.mp4	150238870	https://ndownloader.figshare.com/files/58664509
rec13-M7M8-20221109-camera-3.mp4	150281590	https://ndownloader.figshare.com/files/58664512
rec14-M4M5-20221109-caliParas.mat	733	https://ndownloader.figshare.com/files/58664368
rec14-M4M5-20221109-camera-0.mp4	150251211	https://ndownloader.figshare.com/files/58664515
rec14-M4M5-20221109-camera-1.mp4	150248635	https://ndownloader.figshare.com/files/58664518
rec14-M4M5-20221109-camera-2.mp4	150301618	https://ndownloader.figshare.com/files/58664521
rec14-M4M5-20221109-camera-3.mp4	150278501	https://ndownloader.figshare.com/files/58664524
rec14-M7M9-20221108-caliParas.mat	733	https://ndownloader.figshare.com/files/58664374
rec14-M7M9-20221108-camera-0.mp4	150302585	https://ndownloader.figshare.com/files/58664527
rec14-M7M9-20221108-camera-1.mp4	150274589	https://ndownloader.figshare.com/files/58664530
rec14-M7M9-20221108-camera-2.mp4	150245226	https://ndownloader.figshare.com/files/58664536
rec14-M7M9-20221108-camera-3.mp4	150286969	https://ndownloader.figshare.com/files/58664533
rec15-M3M10-20221109-caliParas.mat	733	https://ndownloader.figshare.com/files/58664377
rec15-M3M10-20221109-camera-0.mp4	150239621	https://ndownloader.figshare.com/files/58664539
rec15-M3M10-20221109-camera-1.mp4	150258279	https://ndownloader.figshare.com/files/58664542
rec15-M3M10-20221109-camera-2.mp4	150258998	https://ndownloader.figshare.com/files/58664545
rec15-M3M10-20221109-camera-3.mp4	150246415	https://ndownloader.figshare.com/files/58664548
rec15-M3M5-20221108-caliParas.mat	733	https://ndownloader.figshare.com/files/58664380
rec15-M3M5-20221108-camera-0.mp4	150291663	https://ndownloader.figshare.com/files/58664551
rec15-M3M5-20221108-camera-1.mp4	150276153	https://ndownloader.figshare.com/files/58664554
rec15-M3M5-20221108-camera-2.mp4	150281702	https://ndownloader.figshare.com/files/58664557
rec15-M3M5-20221108-camera-3.mp4	150289893	https://ndownloader.figshare.com/files/58664560
rec16-M4M7-20221109-caliParas.mat	733	https://ndownloader.figshare.com/files/58664383
rec16-M4M7-20221109-camera-0.mp4	150277429	https://ndownloader.figshare.com/files/58664563
rec16-M4M7-20221109-camera-1.mp4	150284501	https://ndownloader.figshare.com/files/58664569
rec16-M4M7-20221109-camera-2.mp4	150275827	https://ndownloader.figshare.com/files/58664566
rec16-M4M7-20221109-camera-3.mp4	150276392	https://ndownloader.figshare.com/files/58664572
rec16-M6M10-20221108-caliParas.mat	733	https://ndownloader.figshare.com/files/58664386
rec16-M6M10-20221108-camera-0.mp4	150255511	https://ndownloader.figshare.com/files/58664575
rec16-M6M10-20221108-camera-1.mp4	150271273	https://ndownloader.figshare.com/files/58664578
rec16-M6M10-20221108-camera-2.mp4	150297590	https://ndownloader.figshare.com/files/58664581
rec16-M6M10-20221108-camera-3.mp4	150251200	https://ndownloader.figshare.com/files/58664584
rec17-M1M3-20221109-caliParas.mat	733	https://ndownloader.figshare.com/files/58664389
rec17-M1M3-20221109-camera-0.mp4	150313332	https://ndownloader.figshare.com/files/58664587
rec17-M1M3-20221109-camera-1.mp4	150251875	https://ndownloader.figshare.com/files/58664590
rec17-M1M3-20221109-camera-2.mp4	150293484	https://ndownloader.figshare.com/files/58664593
rec17-M1M3-20221109-camera-3.mp4	150296564	https://ndownloader.figshare.com/files/58664602
rec17-M8M9-20221108-caliParas.mat	733	https://ndownloader.figshare.com/files/58664392
rec17-M8M9-20221108-camera-0.mp4	150280432	https://ndownloader.figshare.com/files/58664599
rec17-M8M9-20221108-camera-1.mp4	150239722	https://ndownloader.figshare.com/files/58664596
rec17-M8M9-20221108-camera-2.mp4	150244636	https://ndownloader.figshare.com/files/58664605
rec17-M8M9-20221108-camera-3.mp4	150274836	https://ndownloader.figshare.com/files/58664608
rec18-M1M2-20221108-caliParas.mat	733	https://ndownloader.figshare.com/files/58664395
rec18-M1M2-20221108-camera-0.mp4	150241207	https://ndownloader.figshare.com/files/58664611
rec18-M1M2-20221108-camera-1.mp4	150279352	https://ndownloader.figshare.com/files/58664617
rec18-M1M2-20221108-camera-2.mp4	150254184	https://ndownloader.figshare.com/files/58664614
rec18-M1M2-20221108-camera-3.mp4	150307674	https://ndownloader.figshare.com/files/58664620
rec18-M3M4-20221109-caliParas.mat	733	https://ndownloader.figshare.com/files/58664398
rec18-M3M4-20221109-camera-0.mp4	150289982	https://ndownloader.figshare.com/files/58664623
rec18-M3M4-20221109-camera-1.mp4	150280810	https://ndownloader.figshare.com/files/58664626
rec18-M3M4-20221109-camera-2.mp4	150300112	https://ndownloader.figshare.com/files/58664629
rec18-M3M4-20221109-camera-3.mp4	150285716	https://ndownloader.figshare.com/files/58664632
rec19-M1M10-20221109-caliParas.mat	733	https://ndownloader.figshare.com/files/58664401
rec19-M1M10-20221109-camera-0.mp4	150259580	https://ndownloader.figshare.com/files/58664635
rec19-M1M10-20221109-camera-1.mp4	150251013	https://ndownloader.figshare.com/files/58664638
rec19-M1M10-20221109-camera-2.mp4	150249543	https://ndownloader.figshare.com/files/58664641
rec19-M1M10-20221109-camera-3.mp4	150256159	https://ndownloader.figshare.com/files/58664644
rec19-M2M7-20221108-caliParas.mat	733	https://ndownloader.figshare.com/files/58664404
rec19-M2M7-20221108-camera-0.mp4	150292035	https://ndownloader.figshare.com/files/58664647
rec19-M2M7-20221108-camera-1.mp4	150280402	https://ndownloader.figshare.com/files/58664653
rec19-M2M7-20221108-camera-2.mp4	150279366	https://ndownloader.figshare.com/files/58664650
rec19-M2M7-20221108-camera-3.mp4	150272390	https://ndownloader.figshare.com/files/58664656
rec20-M2M9-20221109-caliParas.mat	733	https://ndownloader.figshare.com/files/58664407
rec20-M2M9-20221109-camera-0.mp4	150282611	https://ndownloader.figshare.com/files/58664659
rec20-M2M9-20221109-camera-1.mp4	150272831	https://ndownloader.figshare.com/files/58664662
rec20-M2M9-20221109-camera-2.mp4	150282510	https://ndownloader.figshare.com/files/58664668
rec20-M2M9-20221109-camera-3.mp4	150274732	https://ndownloader.figshare.com/files/58664665
rec20-M4M9-20221108-caliParas.mat	733	https://ndownloader.figshare.com/files/58664410
rec20-M4M9-20221108-camera-0.mp4	150298830	https://ndownloader.figshare.com/files/58664671
rec20-M4M9-20221108-camera-1.mp4	150249298	https://ndownloader.figshare.com/files/58664674
rec20-M4M9-20221108-camera-2.mp4	150238108	https://ndownloader.figshare.com/files/58664677
rec20-M4M9-20221108-camera-3.mp4	150280596	https://ndownloader.figshare.com/files/58664680
rec21-M1M5-20221109-caliParas.mat	733	https://ndownloader.figshare.com/files/58664413
rec21-M1M5-20221109-camera-0.mp4	150252355	https://ndownloader.figshare.com/files/58664683
rec21-M1M5-20221109-camera-1.mp4	150241559	https://ndownloader.figshare.com/files/58664686
rec21-M1M5-20221109-camera-2.mp4	150257759	https://ndownloader.figshare.com/files/58664689
rec21-M1M5-20221109-camera-3.mp4	150275558	https://ndownloader.figshare.com/files/58664692
rec21-M9M10-20221108-caliParas.mat	733	https://ndownloader.figshare.com/files/58664416
rec21-M9M10-20221108-camera-0.mp4	150273515	https://ndownloader.figshare.com/files/58664695
rec21-M9M10-20221108-camera-1.mp4	150292198	https://ndownloader.figshare.com/files/58664701
rec21-M9M10-20221108-camera-2.mp4	150287203	https://ndownloader.figshare.com/files/58664698
rec21-M9M10-20221108-camera-3.mp4	150275228	https://ndownloader.figshare.com/files/58664704
rec22-M1M8-20221108-caliParas.mat	733	https://ndownloader.figshare.com/files/58664419
rec22-M1M8-20221108-camera-0.mp4	150284443	https://ndownloader.figshare.com/files/58664707
rec22-M1M8-20221108-camera-1.mp4	150287694	https://ndownloader.figshare.com/files/58664710
rec22-M1M8-20221108-camera-2.mp4	150286683	https://ndownloader.figshare.com/files/58664713
rec22-M1M8-20221108-camera-3.mp4	150256388	https://ndownloader.figshare.com/files/58664716
rec22-M5M6-20221109-caliParas.mat	733	https://ndownloader.figshare.com/files/58664422
rec22-M5M6-20221109-camera-0.mp4	150249172	https://ndownloader.figshare.com/files/58664719
rec22-M5M6-20221109-camera-1.mp4	150296516	https://ndownloader.figshare.com/files/58664722
rec22-M5M6-20221109-camera-2.mp4	150302330	https://ndownloader.figshare.com/files/58664725
rec22-M5M6-20221109-camera-3.mp4	150273823	https://ndownloader.figshare.com/files/58664728
rec23-M2M4-20221108-caliParas.mat	733	https://ndownloader.figshare.com/files/58664425
rec23-M2M4-20221108-camera-0.mp4	150249850	https://ndownloader.figshare.com/files/58664731
rec23-M2M4-20221108-camera-1.mp4	150288441	https://ndownloader.figshare.com/files/58664734
rec23-M2M4-20221108-camera-2.mp4	150238291	https://ndownloader.figshare.com/files/58664737
rec23-M2M4-20221108-camera-3.mp4	150253034	https://ndownloader.figshare.com/files/58664740
rec23-M6M9-20221109-caliParas.mat	733	https://ndownloader.figshare.com/files/58664428
rec23-M6M9-20221109-camera-0.mp4	150284865	https://ndownloader.figshare.com/files/58664743
rec23-M6M9-20221109-camera-1.mp4	150280986	https://ndownloader.figshare.com/files/58664746
rec23-M6M9-20221109-camera-2.mp4	150285553	https://ndownloader.figshare.com/files/58664749
rec23-M6M9-20221109-camera-3.mp4	150281017	https://ndownloader.figshare.com/files/58664752
rec24-M5M8-20221109-caliParas.mat	733	https://ndownloader.figshare.com/files/58664431
rec24-M5M8-20221109-camera-0.mp4	150276931	https://ndownloader.figshare.com/files/58664755
rec24-M5M8-20221109-camera-1.mp4	150250592	https://ndownloader.figshare.com/files/58664758
rec24-M5M8-20221109-camera-2.mp4	150292814	https://ndownloader.figshare.com/files/58664761
rec24-M5M8-20221109-camera-3.mp4	150258877	https://ndownloader.figshare.com/files/58664767
rec24-M6M8-20221108-caliParas.mat	733	https://ndownloader.figshare.com/files/58664434
rec24-M6M8-20221108-camera-0.mp4	150270125	https://ndownloader.figshare.com/files/58664764
rec24-M6M8-20221108-camera-1.mp4	150277907	https://ndownloader.figshare.com/files/58664770
rec24-M6M8-20221108-camera-2.mp4	150309996	https://ndownloader.figshare.com/files/58664779
rec24-M6M8-20221108-camera-3.mp4	150249924	https://ndownloader.figshare.com/files/58664773
rec25-M1M4-20221109-caliParas.mat	733	https://ndownloader.figshare.com/files/58664437
rec25-M1M4-20221109-camera-0.mp4	150270908	https://ndownloader.figshare.com/files/58664776
rec25-M1M4-20221109-camera-1.mp4	150260351	https://ndownloader.figshare.com/files/58664782
rec25-M1M4-20221109-camera-2.mp4	150273552	https://ndownloader.figshare.com/files/58664785
rec25-M1M4-20221109-camera-3.mp4	150284190	https://ndownloader.figshare.com/files/58664788
rec25-M3M6-20221108-caliParas.mat	733	https://ndownloader.figshare.com/files/58664440
rec25-M3M6-20221108-camera-0.mp4	150284960	https://ndownloader.figshare.com/files/58664791
rec25-M3M6-20221108-camera-1.mp4	150276012	https://ndownloader.figshare.com/files/58664794
rec25-M3M6-20221108-camera-2.mp4	150293986	https://ndownloader.figshare.com/files/58664797
rec25-M3M6-20221108-camera-3.mp4	150314284	https://ndownloader.figshare.com/files/58664800
