rec1-M7-20221108-caliParas.mat	733	https://ndownloader.figshare.com/files/58664971
rec1-M7-20221108-camera-0.mp4	150241470	https://ndownloader.figshare.com/files/58665031
rec1-M7-20221108-camera-1.mp4	150303308	https://ndownloader.figshare.com/files/58665034
rec1-M7-20221108-camera-2.mp4	150273942	https://ndownloader.figshare.com/files/58665037
rec1-M7-20221108-camera-3.mp4	150241094	https://ndownloader.figshare.com/files/58665040
rec1-M8-20221109-caliParas.mat	733	https://ndownloader.figshare.com/files/58664974
rec1-M8-20221109-camera-0.mp4	150284051	https://ndownloader.figshare.com/files/58665043
rec1-M8-20221109-camera-1.mp4	150272837	https://ndownloader.figshare.com/files/58665046
rec1-M8-20221109-camera-2.mp4	150275819	https://ndownloader.figshare.com/files/58665049
rec1-M8-20221109-camera-3.mp4	150298469	https://ndownloader.figshare.com/files/58665052
rec10-M2-20221108-caliParas.mat	733	https://ndownloader.figshare.com/files/58664977
rec10-M2-20221108-camera-0.mp4	150255047	https://ndownloader.figshare.com/files/58665055
rec10-M2-20221108-camera-1.mp4	150277503	https://ndownloader.figshare.com/files/58665058
rec10-M2-20221108-camera-2.mp4	150302400	https://ndownloader.figshare.com/files/58665061
rec10-M2-20221108-camera-3.mp4	150267299	https://ndownloader.figshare.com/files/58665064
rec10-M7-20221109-caliParas.mat	733	https://ndownloader.figshare.com/files/58664980
rec10-M7-20221109-camera-0.mp4	150249363	https://ndownloader.figshare.com/files/58665067
rec10-M7-20221109-camera-1.mp4	150256309	https://ndownloader.figshare.com/files/58665070
rec10-M7-20221109-camera-2.mp4	150252870	https://ndownloader.figshare.com/files/58665073
rec10-M7-20221109-camera-3.mp4	150275924	https://ndownloader.figshare.com/files/58665076
rec2-M3-20221108-caliParas.mat	733	https://ndownloader.figshare.com/files/58664983
rec2-M3-20221108-camera-0.mp4	150311159	https://ndownloader.figshare.com/files/58665079
rec2-M3-20221108-camera-1.mp4	150244368	https://ndownloader.figshare.com/files/58665085
rec2-M3-20221108-camera-2.mp4	150270858	https://ndownloader.figshare.com/files/58665082
rec2-M3-20221108-camera-3.mp4	150258782	https://ndownloader.figshare.com/files/58665088
rec2-M5-20221109-caliParas.mat	733	https://ndownloader.figshare.com/files/58664986
rec2-M5-20221109-camera-0.mp4	150301315	https://ndownloader.figshare.com/files/58665091
rec2-M5-20221109-camera-1.mp4	150281422	https://ndownloader.figshare.com/files/58665094
rec2-M5-20221109-camera-2.mp4	150298211	https://ndownloader.figshare.com/files/58665097
rec2-M5-20221109-camera-3.mp4	150245349	https://ndownloader.figshare.com/files/58665100
rec3-M4-20221108-caliParas.mat	733	https://ndownloader.figshare.com/files/58664989
rec3-M4-20221108-camera-0.mp4	150279247	https://ndownloader.figshare.com/files/58665103
rec3-M4-20221108-camera-1.mp4	150281849	https://ndownloader.figshare.com/files/58665106
rec3-M4-20221108-camera-2.mp4	150303179	https://ndownloader.figshare.com/files/58665109
rec3-M4-20221108-camera-3.mp4	150300564	https://ndownloader.figshare.com/files/58665112
rec3-M6-20221109-caliParas.mat	733	https://ndownloader.figshare.com/files/58664992
rec3-M6-20221109-camera-0.mp4	150283844	https://ndownloader.figshare.com/files/58665115
rec3-M6-20221109-camera-1.mp4	150297601	https://ndownloader.figshare.com/files/58665118
rec3-M6-20221109-camera-2.mp4	150287169	https://ndownloader.figshare.com/files/58665121
rec3-M6-20221109-camera-3.mp4	150281555	https://ndownloader.figshare.com/files/58665124
rec4-M1-20221108-caliParas.mat	733	https://ndownloader.figshare.com/files/58664995
rec4-M1-20221108-camera-0.mp4	150259248	https://ndownloader.figshare.com/files/58665127
rec4-M1-20221108-camera-1.mp4	150282514	https://ndownloader.figshare.com/files/58665130
rec4-M1-20221108-camera-2.mp4	150266363	https://ndownloader.figshare.com/files/58665133
rec4-M1-20221108-camera-3.mp4	150260439	https://ndownloader.figshare.com/files/58665136
rec4-M3-20221109-caliParas.mat	733	https://ndownloader.figshare.com/files/58664998
rec4-M3-20221109-camera-0.mp4	150269184	https://ndownloader.figshare.com/files/58665139
rec4-M3-20221109-camera-1.mp4	150242081	https://ndownloader.figshare.com/files/58665142
rec4-M3-20221109-camera-2.mp4	150261344	https://ndownloader.figshare.com/files/58665145
rec4-M3-20221109-camera-3.mp4	150295160	https://ndownloader.figshare.com/files/58665148
rec5-M10-20221109-caliParas.mat	733	https://ndownloader.figshare.com/files/58665001
rec5-M10-20221109-camera-0.mp4	150285134	https://ndownloader.figshare.com/files/58665151
rec5-M10-20221109-camera-1.mp4	150292382	https://ndownloader.figshare.com/files/58665154
rec5-M10-20221109-camera-2.mp4	150243500	https://ndownloader.figshare.com/files/58665157
rec5-M10-20221109-camera-3.mp4	150246757	https://ndownloader.figshare.com/files/58665160
rec5-M9-20221108-caliParas.mat	733	https://ndownloader.figshare.com/files/58665004
rec5-M9-20221108-camera-0.mp4	150288829	https://ndownloader.figshare.com/files/58665163
rec5-M9-20221108-camera-1.mp4	150291191	https://ndownloader.figshare.com/files/58665166
rec5-M9-20221108-camera-2.mp4	150276972	https://ndownloader.figshare.com/files/58665169
rec5-M9-20221108-camera-3.mp4	150290128	https://ndownloader.figshare.com/files/58665172
rec6-M6-20221108-caliParas.mat	733	https://ndownloader.figshare.com/files/58665010
rec6-M6-20221108-camera-0.mp4	150261912	https://ndownloader.figshare.com/files/58665175
rec6-M6-20221108-camera-1.mp4	150280519	https://ndownloader.figshare.com/files/58665178
rec6-M6-20221108-camera-2.mp4	150262662	https://ndownloader.figshare.com/files/58665181
rec6-M6-20221108-camera-3.mp4	150259414	https://ndownloader.figshare.com/files/58665184
rec6-M9-20221109-caliParas.mat	733	https://ndownloader.figshare.com/files/58665007
rec6-M9-20221109-camera-0.mp4	150295772	https://ndownloader.figshare.com/files/58665187
rec6-M9-20221109-camera-1.mp4	150241274	https://ndownloader.figshare.com/files/58665190
rec6-M9-20221109-camera-2.mp4	150240675	https://ndownloader.figshare.com/files/58665193
rec6-M9-20221109-camera-3.mp4	150272685	https://ndownloader.figshare.com/files/58665196
rec7-M10-20221108-caliParas.mat	733	https://ndownloader.figshare.com/files/58665013
rec7-M10-20221108-camera-0.mp4	150290085	https://ndownloader.figshare.com/files/58665199
rec7-M10-20221108-camera-1.mp4	150305390	https://ndownloader.figshare.com/files/58665202
rec7-M10-20221108-camera-2.mp4	150248408	https://ndownloader.figshare.com/files/58665205
rec7-M10-20221108-camera-3.mp4	150283496	https://ndownloader.figshare.com/files/58665208
rec7-M4-20221109-caliParas.mat	733	https://ndownloader.figshare.com/files/58665016
rec7-M4-20221109-camera-0.mp4	150286923	https://ndownloader.figshare.com/files/58665211
rec7-M4-20221109-camera-1.mp4	150313397	https://ndownloader.figshare.com/files/58665214
rec7-M4-20221109-camera-2.mp4	150312707	https://ndownloader.figshare.com/files/58665217
rec7-M4-20221109-camera-3.mp4	150311598	https://ndownloader.figshare.com/files/58665220
rec8-M2-20221109-caliParas.mat	733	https://ndownloader.figshare.com/files/58665019
rec8-M2-20221109-camera-0.mp4	150274638	https://ndownloader.figshare.com/files/58665223
rec8-M2-20221109-camera-1.mp4	150306202	https://ndownloader.figshare.com/files/58665226
rec8-M2-20221109-camera-2.mp4	150241153	https://ndownloader.figshare.com/files/58665229
rec8-M2-20221109-camera-3.mp4	150257651	https://ndownloader.figshare.com/files/58665232
rec8-M8-20221108-caliParas.mat	733	https://ndownloader.figshare.com/files/58665022
rec8-M8-20221108-camera-0.mp4	150267217	https://ndownloader.figshare.com/files/58665235
rec8-M8-20221108-camera-1.mp4	150281758	https://ndownloader.figshare.com/files/58665238
rec8-M8-20221108-camera-2.mp4	150273344	https://ndownloader.figshare.com/files/58665241
rec8-M8-20221108-camera-3.mp4	150294970	https://ndownloader.figshare.com/files/58665244
rec9-M1-20221109-caliParas.mat	733	https://ndownloader.figshare.com/files/58665025
rec9-M1-20221109-camera-0.mp4	150281023	https://ndownloader.figshare.com/files/58665247
rec9-M1-20221109-camera-1.mp4	150285859	https://ndownloader.figshare.com/files/58665250
rec9-M1-20221109-camera-2.mp4	150276369	https://ndownloader.figshare.com/files/58665253
rec9-M1-20221109-camera-3.mp4	150271416	https://ndownloader.figshare.com/files/58665256
rec9-M5-20221108-caliParas.mat	733	https://ndownloader.figshare.com/files/58665028
rec9-M5-20221108-camera-0.mp4	150296536	https://ndownloader.figshare.com/files/58665259
rec9-M5-20221108-camera-1.mp4	150288331	https://ndownloader.figshare.com/files/58665262
rec9-M5-20221108-camera-2.mp4	150277928	https://ndownloader.figshare.com/files/58665265
rec9-M5-20221108-camera-3.mp4	150244744	https://ndownloader.figshare.com/files/58665268
